{"cameraMode":{"drawMode":0,"name":"Shaded","section":"Shading Mode"},"sceneLighting":false,"audioPlay":false,"sceneViewState":{"m_AlwaysRefresh":false,"showFog":true,"showSkybox":true,"showFlares":true,"showImageEffects":true,"showParticleSystems":true,"showVisualEffectGraphs":true,"m_FxEnabled":true},"in2DMode":false,"pivot":{"x":2.9155807495117189,"y":25.379758834838868,"z":-6.966806411743164},"rotation":{"x":0.05910719186067581,"y":0.5947558283805847,"z":0.044056735932826999,"w":-0.8005883097648621},"size":3.6456007957458498,"orthographic":false}