{"cameraMode":{"drawMode":0,"name":"Shaded","section":"Shading Mode"},"sceneLighting":false,"audioPlay":false,"sceneViewState":{"m_AlwaysRefresh":false,"showFog":true,"showSkybox":true,"showFlares":true,"showImageEffects":true,"showParticleSystems":true,"showVisualEffectGraphs":true,"m_FxEnabled":true},"in2DMode":false,"pivot":{"x":3.8981568813323976,"y":13.242691040039063,"z":-6.03474760055542},"rotation":{"x":-0.014356317929923535,"y":0.47098714113235476,"z":-0.007543811574578285,"w":-0.8820525407791138},"size":12.68252182006836,"orthographic":false}