{"cameraMode":{"drawMode":0,"name":"Shaded","section":"Shading Mode"},"sceneLighting":false,"audioPlay":false,"sceneViewState":{"m_AlwaysRefresh":false,"showFog":true,"showSkybox":true,"showFlares":true,"showImageEffects":true,"showParticleSystems":true,"showVisualEffectGraphs":true,"m_FxEnabled":true},"in2DMode":false,"pivot":{"x":-1.026840329170227,"y":1.8700016736984254,"z":-0.018717288970947267},"rotation":{"x":-0.05848328769207001,"y":-0.9290733933448792,"z":0.16893750429153443,"w":-0.32422512769699099},"size":9.446222305297852,"orthographic":false}