{"cameraMode":{"drawMode":0,"name":"Shaded","section":"Shading Mode"},"sceneLighting":false,"audioPlay":false,"sceneViewState":{"m_AlwaysRefresh":false,"showFog":true,"showSkybox":true,"showFlares":true,"showImageEffects":true,"showParticleSystems":true,"showVisualEffectGraphs":true,"m_FxEnabled":true},"in2DMode":false,"pivot":{"x":-1.5000004768371583,"y":0.0000023855827748775484,"z":0.4999997913837433},"rotation":{"x":0.12268350273370743,"y":-0.874264657497406,"z":0.2873437702655792,"w":0.3718876838684082},"size":1.5811485052108765,"orthographic":false}