{"cameraMode":{"drawMode":0,"name":"Shaded","section":"Shading Mode"},"sceneLighting":false,"audioPlay":false,"sceneViewState":{"m_AlwaysRefresh":false,"showFog":true,"showSkybox":true,"showFlares":true,"showImageEffects":true,"showParticleSystems":true,"showVisualEffectGraphs":true,"m_FxEnabled":true},"in2DMode":false,"pivot":{"x":-0.43302658200263979,"y":9.954156875610352,"z":-6.064701080322266},"rotation":{"x":0.23729197680950166,"y":0.033699240535497668,"z":-0.008829611353576184,"w":0.9709315299987793},"size":1.3469864130020142,"orthographic":false}