{"cameraMode":{"drawMode":0,"name":"Shaded","section":"Shading Mode"},"sceneLighting":true,"audioPlay":false,"sceneViewState":{"m_AlwaysRefresh":false,"showFog":true,"showSkybox":true,"showFlares":true,"showImageEffects":true,"showParticleSystems":true,"showVisualEffectGraphs":true,"m_FxEnabled":true},"in2DMode":false,"pivot":{"x":-31.764057159423829,"y":22.516788482666017,"z":3.456799030303955},"rotation":{"x":0.13411454856395722,"y":0.6531202793121338,"z":-0.11905588209629059,"w":0.735718846321106},"size":0.15512028336524964,"orthographic":false}