{"cameraMode":{"drawMode":0,"name":"Shaded","section":"Shading Mode"},"sceneLighting":false,"audioPlay":false,"sceneViewState":{"m_AlwaysRefresh":false,"showFog":true,"showSkybox":true,"showFlares":true,"showImageEffects":true,"showParticleSystems":true,"showVisualEffectGraphs":true,"m_FxEnabled":true},"in2DMode":false,"pivot":{"x":4.76837158203125e-7,"y":0.20164409279823304,"z":0.2250000536441803},"rotation":{"x":0.0054093352518975739,"y":0.9895931482315064,"z":-0.047429297119379047,"w":0.1392073780298233},"size":0.423427015542984,"orthographic":false}