{"cameraMode":{"drawMode":0,"name":"Shaded","section":"Shading Mode"},"sceneLighting":false,"audioPlay":false,"sceneViewState":{"m_AlwaysRefresh":false,"showFog":true,"showSkybox":true,"showFlares":true,"showImageEffects":true,"showParticleSystems":true,"showVisualEffectGraphs":true,"m_FxEnabled":true},"in2DMode":false,"pivot":{"x":1.5528740882873536,"y":10.099199295043946,"z":0.09058664739131928},"rotation":{"x":0.0951773002743721,"y":-0.8895334005355835,"z":0.39205309748649599,"w":0.21500179171562196},"size":2.125000238418579,"orthographic":false}