{"cameraMode":{"drawMode":0,"name":"Shaded","section":"Shading Mode"},"sceneLighting":false,"audioPlay":false,"sceneViewState":{"m_AlwaysRefresh":false,"showFog":true,"showSkybox":true,"showFlares":true,"showImageEffects":true,"showParticleSystems":true,"showVisualEffectGraphs":true,"m_FxEnabled":true},"in2DMode":false,"pivot":{"x":-26.760395050048829,"y":0.7999999523162842,"z":0.18619918823242188},"rotation":{"x":0.039925262331962588,"y":0.7024357318878174,"z":-0.04241391271352768,"w":0.7100631594657898},"size":38.190311431884769,"orthographic":false}