{"cameraMode":{"drawMode":0,"name":"Shaded","section":"Shading Mode"},"sceneLighting":false,"audioPlay":false,"sceneViewState":{"m_AlwaysRefresh":false,"showFog":true,"showSkybox":true,"showFlares":true,"showImageEffects":true,"showParticleSystems":true,"showVisualEffectGraphs":true,"m_FxEnabled":true},"in2DMode":false,"pivot":{"x":-0.21029400825500489,"y":-0.05538749694824219,"z":1.062541127204895},"rotation":{"x":-0.31527647376060488,"y":0.00785494688898325,"z":-0.0019552581943571569,"w":-0.949080765247345},"size":2.2443299293518068,"orthographic":false}