{"cameraMode":{"drawMode":0,"name":"Shaded","section":"Shading Mode"},"sceneLighting":false,"audioPlay":false,"sceneViewState":{"m_AlwaysRefresh":false,"showFog":true,"showSkybox":true,"showFlares":true,"showImageEffects":true,"showParticleSystems":true,"showVisualEffectGraphs":true,"m_FxEnabled":true},"in2DMode":false,"pivot":{"x":-0.2376314252614975,"y":-1.441280722618103,"z":-16.06191635131836},"rotation":{"x":-0.00009675150795374066,"y":0.9968776702880859,"z":-0.08366720378398895,"w":0.013756676577031613},"size":9.522797584533692,"orthographic":false}