{"cameraMode":{"drawMode":0,"name":"Shaded","section":"Shading Mode"},"sceneLighting":true,"audioPlay":false,"sceneViewState":{"m_AlwaysRefresh":false,"showFog":true,"showSkybox":true,"showFlares":true,"showImageEffects":true,"showParticleSystems":true,"showVisualEffectGraphs":true,"m_FxEnabled":true},"in2DMode":false,"pivot":{"x":-20.553573608398439,"y":7.9925336837768559,"z":7.521096229553223},"rotation":{"x":-0.3563249707221985,"y":0.029951056465506555,"z":-0.01150093600153923,"w":-0.9347021579742432},"size":19.691844940185548,"orthographic":false}