{"cameraMode":{"drawMode":0,"name":"Shaded","section":"Shading Mode"},"sceneLighting":false,"audioPlay":false,"sceneViewState":{"m_AlwaysRefresh":false,"showFog":true,"showSkybox":true,"showFlares":true,"showImageEffects":true,"showParticleSystems":true,"showVisualEffectGraphs":true,"m_FxEnabled":true},"in2DMode":false,"pivot":{"x":4.497147560119629,"y":1.6487289667129517,"z":1.641358733177185},"rotation":{"x":0.05165250971913338,"y":-0.8745747208595276,"z":0.09950429201126099,"w":0.47384485602378847},"size":0.8666749000549316,"orthographic":false}