{"cameraMode":{"drawMode":0,"name":"Shaded","section":"Shading Mode"},"sceneLighting":false,"audioPlay":false,"sceneViewState":{"m_AlwaysRefresh":false,"showFog":true,"showSkybox":true,"showFlares":true,"showImageEffects":true,"showParticleSystems":true,"showVisualEffectGraphs":true,"m_FxEnabled":true},"in2DMode":false,"pivot":{"x":0.009439945220947266,"y":-0.30083537101745608,"z":-0.03265899419784546},"rotation":{"x":-0.31527647376060488,"y":0.00785494688898325,"z":-0.0019552581943571569,"w":-0.949080765247345},"size":2.8814077377319338,"orthographic":false}