{"cameraMode":{"drawMode":0,"name":"Shaded","section":"Shading Mode"},"sceneLighting":true,"audioPlay":false,"sceneViewState":{"m_AlwaysRefresh":false,"showFog":true,"showSkybox":true,"showFlares":true,"showImageEffects":true,"showParticleSystems":true,"showVisualEffectGraphs":true,"m_FxEnabled":true},"in2DMode":false,"pivot":{"x":-39.54341506958008,"y":21.515283584594728,"z":6.207101345062256},"rotation":{"x":-0.036851342767477038,"y":0.7618412375450134,"z":0.03992418572306633,"w":0.6462804079055786},"size":0.15474802255630494,"orthographic":false}