{"cameraMode":{"drawMode":0,"name":"Shaded","section":"Shading Mode"},"sceneLighting":false,"audioPlay":false,"sceneViewState":{"m_AlwaysRefresh":false,"showFog":true,"showSkybox":true,"showFlares":true,"showImageEffects":true,"showParticleSystems":true,"showVisualEffectGraphs":true,"m_FxEnabled":true},"in2DMode":false,"pivot":{"x":-5.960464477539063e-8,"y":-0.07599754631519318,"z":1.7881393432617188e-7},"rotation":{"x":0.12268350273370743,"y":-0.874264657497406,"z":0.2873437702655792,"w":0.3718876838684082},"size":1.0633790493011475,"orthographic":false}